location_id,station,latitude,longitude,sensor_id,parameter,display_name,units,value,datetime
2585,AAQMS Karve Road Pune,18.497484,73.81349,5354,pm25,PM2.5,µg/m³,66.0,2018-02-22T08:30:00+05:30
2585,AAQMS Karve Road Pune,18.497484,73.81349,5355,pm10,PM10,µg/m³,165.0,2018-02-22T08:30:00+05:30
2585,AAQMS Karve Road Pune,18.497484,73.81349,14235,so2,SO₂ mass,µg/m³,22.85,2018-02-22T08:30:00+05:30
2585,AAQMS Karve Road Pune,18.497484,73.81349,5372,o3,O₃ mass,µg/m³,15.76,2018-02-22T08:30:00+05:30
2585,AAQMS Karve Road Pune,18.497484,73.81349,5338,co,CO mass,µg/m³,1220.0,2018-02-22T08:30:00+05:30
5661,"Karve Road Pune, Pune - MPCB",18.5011743,73.8165527,12235541,relativehumidity,RH,%,0.0,2025-05-23T21:00:00+05:30
5661,"Karve Road Pune, Pune - MPCB",18.5011743,73.8165527,12235536,no,NO,ppb,5.56,2025-05-23T21:00:00+05:30
5661,"Karve Road Pune, Pune - MPCB",18.5011743,73.8165527,12235537,no2,NO₂,ppb,8.33,2025-05-23T21:00:00+05:30
5661,"Karve Road Pune, Pune - MPCB",18.5011743,73.8165527,12235540,pm25,PM2.5,µg/m³,100.0,2025-05-23T21:00:00+05:30
5661,"Karve Road Pune, Pune - MPCB",18.5011743,73.8165527,12235535,co,CO,ppb,2.0,2025-05-23T21:00:00+05:30
5661,"Karve Road Pune, Pune - MPCB",18.5011743,73.8165527,12235539,pm10,PM10,µg/m³,78.39,2025-03-13T10:15:00+05:30
5661,"Karve Road Pune, Pune - MPCB",18.5011743,73.8165527,12235538,o3,O₃ mass,µg/m³,80.0,2025-05-23T21:00:00+05:30
5661,"Karve Road Pune, Pune - MPCB",18.5011743,73.8165527,12235543,temperature,Temperature (C),c,0.0,2025-05-23T21:00:00+05:30
5661,"Karve Road Pune, Pune - MPCB",18.5011743,73.8165527,12235542,so2,SO₂,ppb,33.33,2025-05-23T21:00:00+05:30
5661,"Karve Road Pune, Pune - MPCB",18.5011743,73.8165527,15154,pm25,PM2.5,µg/m³,1060.0,2022-10-10T16:45:00+05:30
5661,"Karve Road Pune, Pune - MPCB",18.5011743,73.8165527,15152,so2,SO₂ mass,µg/m³,300.0,2022-10-10T16:45:00+05:30
5661,"Karve Road Pune, Pune - MPCB",18.5011743,73.8165527,15158,no2,NO₂ mass,µg/m³,500.0,2022-10-10T16:45:00+05:30
5661,"Karve Road Pune, Pune - MPCB",18.5011743,73.8165527,15157,o3,O₃ mass,µg/m³,760.0,2022-10-10T16:45:00+05:30
5661,"Karve Road Pune, Pune - MPCB",18.5011743,73.8165527,15156,pm10,PM10,µg/m³,1700.0,2022-10-10T16:45:00+05:30
5661,"Karve Road Pune, Pune - MPCB",18.5011743,73.8165527,15159,co,CO mass,µg/m³,150.0,2022-10-10T16:45:00+05:30
11608,"Bhosari, Pune - IITM",18.640051,73.848956,39439,pm25,PM2.5,µg/m³,17.48,2022-07-07T10:15:00+05:30
11608,"Bhosari, Pune - IITM",18.640051,73.848956,39440,pm10,PM10,µg/m³,27.93,2022-07-07T10:15:00+05:30
11608,"Bhosari, Pune - IITM",18.640051,73.848956,39443,o3,O₃ mass,µg/m³,3.0,2022-07-07T10:15:00+05:30
11608,"Bhosari, Pune - IITM",18.640051,73.848956,39441,no2,NO₂ mass,µg/m³,23.11,2022-07-07T10:15:00+05:30
11608,"Bhosari, Pune - IITM",18.640051,73.848956,39442,co,CO mass,µg/m³,2350.0,2022-07-07T10:15:00+05:30
11609,"Mhada Colony, Pune - IITM",18.57304,73.927715,12236441,o3,O₃ mass,µg/m³,10.0,2026-09-03T23:30:00+05:30
11609,"Mhada Colony, Pune - IITM",18.57304,73.927715,12236440,no2,NO₂,ppb,27.59,2026-09-03T23:30:00+05:30
11609,"Mhada Colony, Pune - IITM",18.57304,73.927715,12236438,co,CO,ppb,1.21,2026-09-03T23:30:00+05:30
11609,"Mhada Colony, Pune - IITM",18.57304,73.927715,12236443,pm25,PM2.5,µg/m³,24.21,2026-09-03T23:30:00+05:30
11609,"Mhada Colony, Pune - IITM",18.57304,73.927715,12236439,no,NO,ppb,16.29,2026-09-03T23:30:00+05:30
11609,"Mhada Colony, Pune - IITM",18.57304,73.927715,12236442,pm10,PM10,µg/m³,64.94,2026-09-03T23:30:00+05:30
11609,"Mhada Colony, Pune - IITM",18.57304,73.927715,14342068,nox,NOX,ppb,0.02792,2026-09-03T23:30:00+05:30
11609,"Mhada Colony, Pune - IITM",18.57304,73.927715,14342069,wind_direction,Wind direction,deg,47.66,2026-08-06T16:30:00+05:30
11609,"Mhada Colony, Pune - IITM",18.57304,73.927715,14342070,wind_speed,Wind speed,m/s,0.42,2026-08-06T16:30:00+05:30
11609,"Mhada Colony, Pune - IITM",18.57304,73.927715,15090167,relativehumidity,RH,%,43.96,2026-08-06T16:30:00+05:30
11609,"Mhada Colony, Pune - IITM",18.57304,73.927715,15090168,temperature,Temperature (C),c,30.05,2026-08-06T16:30:00+05:30
11609,"Mhada Colony, Pune - IITM",18.57304,73.927715,39447,co,CO mass,µg/m³,750.0,2022-10-16T21:30:00+05:30
11609,"Mhada Colony, Pune - IITM",18.57304,73.927715,39445,pm10,PM10,µg/m³,45.43,2022-06-22T14:15:00+05:30
11609,"Mhada Colony, Pune - IITM",18.57304,73.927715,39448,o3,O₃ mass,µg/m³,11.0,2022-10-16T21:30:00+05:30
11609,"Mhada Colony, Pune - IITM",18.57304,73.927715,39446,no2,NO₂ mass,µg/m³,10.97,2022-10-16T21:30:00+05:30
11609,"Mhada Colony, Pune - IITM",18.57304,73.927715,39444,pm25,PM2.5,µg/m³,29.02,2022-06-22T14:15:00+05:30
11610,"Transport Nagar-Nigdi, Pune - IITM",18.664282,73.763966,12236457,pm25,PM2.5,µg/m³,18.63,2026-09-03T23:30:00+05:30
11610,"Transport Nagar-Nigdi, Pune - IITM",18.664282,73.763966,12236455,o3,O₃ mass,µg/m³,6.0,2026-09-03T23:30:00+05:30
11610,"Transport Nagar-Nigdi, Pune - IITM",18.664282,73.763966,12236452,co,CO,ppb,0.81,2026-09-03T23:30:00+05:30
11610,"Transport Nagar-Nigdi, Pune - IITM",18.664282,73.763966,12236454,no2,NO₂,ppb,28.27,2026-09-03T23:30:00+05:30
11610,"Transport Nagar-Nigdi, Pune - IITM",18.664282,73.763966,12236456,pm10,PM10,µg/m³,53.74,2026-09-03T23:30:00+05:30
11610,"Transport Nagar-Nigdi, Pune - IITM",18.664282,73.763966,12236453,no,NO,ppb,7.48,2026-09-03T23:30:00+05:30
11610,"Transport Nagar-Nigdi, Pune - IITM",18.664282,73.763966,14342079,wind_speed,Wind speed,m/s,0.03,2026-08-06T16:30:00+05:30
11610,"Transport Nagar-Nigdi, Pune - IITM",18.664282,73.763966,14342078,wind_direction,Wind direction,deg,123.52,2026-08-06T16:30:00+05:30
11610,"Transport Nagar-Nigdi, Pune - IITM",18.664282,73.763966,12343700,relativehumidity,RH,%,0.0,2025-12-22T22:30:00+05:30
11610,"Transport Nagar-Nigdi, Pune - IITM",18.664282,73.763966,14342077,nox,NOX,ppb,0.02112,2026-09-03T23:30:00+05:30
11610,"Transport Nagar-Nigdi, Pune - IITM",18.664282,73.763966,12343701,temperature,Temperature (C),c,-29.98,2026-08-06T16:00:00+05:30
11613,"Revenue Colony-Shivajinagar, Pune - IITM",18.530085,73.849598,12236459,no,NO,ppb,6.92,2026-09-03T23:15:00+05:30
11613,"Revenue Colony-Shivajinagar, Pune - IITM",18.530085,73.849598,12236463,pm25,PM2.5,µg/m³,17.11,2026-09-03T23:15:00+05:30
11613,"Revenue Colony-Shivajinagar, Pune - IITM",18.530085,73.849598,12236458,co,CO,ppb,1.59,2026-09-03T23:15:00+05:30
11613,"Revenue Colony-Shivajinagar, Pune - IITM",18.530085,73.849598,12236464,relativehumidity,RH,%,14.63,2026-08-21T09:45:00+05:30
11613,"Revenue Colony-Shivajinagar, Pune - IITM",18.530085,73.849598,12236460,no2,NO₂,ppb,14.24,2026-09-03T23:15:00+05:30
11613,"Revenue Colony-Shivajinagar, Pune - IITM",18.530085,73.849598,12236461,o3,O₃ mass,µg/m³,4.0,2026-09-03T23:15:00+05:30
11613,"Revenue Colony-Shivajinagar, Pune - IITM",18.530085,73.849598,12236466,temperature,Temperature (C),c,26.49,2026-08-21T09:45:00+05:30
11613,"Revenue Colony-Shivajinagar, Pune - IITM",18.530085,73.849598,12236465,so2,SO₂,ppb,11.01,2026-09-03T23:15:00+05:30
11613,"Revenue Colony-Shivajinagar, Pune - IITM",18.530085,73.849598,12236462,pm10,PM10,µg/m³,54.89,2026-09-03T23:15:00+05:30
11613,"Revenue Colony-Shivajinagar, Pune - IITM",18.530085,73.849598,14341024,wind_speed,Wind speed,m/s,0.32,2026-08-21T09:45:00+05:30
11613,"Revenue Colony-Shivajinagar, Pune - IITM",18.530085,73.849598,14341023,wind_direction,Wind direction,deg,318.68,2026-08-21T09:45:00+05:30
11613,"Revenue Colony-Shivajinagar, Pune - IITM",18.530085,73.849598,14341022,nox,NOX,ppb,0.0132,2026-09-03T23:15:00+05:30
11613,"Revenue Colony-Shivajinagar, Pune - IITM",18.530085,73.849598,39468,no2,NO₂ mass,µg/m³,14.64,2022-07-07T12:45:00+05:30
11613,"Revenue Colony-Shivajinagar, Pune - IITM",18.530085,73.849598,39471,o3,O₃ mass,µg/m³,11.0,2022-07-07T12:45:00+05:30
11613,"Revenue Colony-Shivajinagar, Pune - IITM",18.530085,73.849598,39467,pm10,PM10,µg/m³,43.71,2022-07-07T12:45:00+05:30
11613,"Revenue Colony-Shivajinagar, Pune - IITM",18.530085,73.849598,39469,so2,SO₂ mass,µg/m³,1.48,2022-07-07T12:45:00+05:30
11613,"Revenue Colony-Shivajinagar, Pune - IITM",18.530085,73.849598,39466,pm25,PM2.5,µg/m³,33.3,2022-07-07T12:45:00+05:30
11613,"Revenue Colony-Shivajinagar, Pune - IITM",18.530085,73.849598,39470,co,CO mass,µg/m³,2660.0,2022-07-07T12:45:00+05:30
12042,"Alandi, Pune - IITM",18.675076,73.892743,40632,pm10,PM10,µg/m³,16.93,2022-07-21T10:15:00+05:30
12042,"Alandi, Pune - IITM",18.675076,73.892743,40637,co,CO mass,µg/m³,1170.0,2022-07-21T10:15:00+05:30
12042,"Alandi, Pune - IITM",18.675076,73.892743,40606,pm25,PM2.5,µg/m³,12.9,2022-07-21T10:15:00+05:30
12042,"Alandi, Pune - IITM",18.675076,73.892743,40643,o3,O₃ mass,µg/m³,14.0,2022-07-21T10:15:00+05:30
12042,"Alandi, Pune - IITM",18.675076,73.892743,40651,no2,NO₂ mass,µg/m³,11.72,2022-07-21T10:15:00+05:30
60658,"Hadapsar, Pune - IITM",18.501793,73.927532,389774,o3,O₃ mass,µg/m³,11.0,2022-06-22T14:15:00+05:30
60658,"Hadapsar, Pune - IITM",18.501793,73.927532,389768,co,CO mass,µg/m³,990.0,2022-06-22T14:15:00+05:30
60658,"Hadapsar, Pune - IITM",18.501793,73.927532,389753,no2,NO₂ mass,µg/m³,16.62,2022-06-22T14:15:00+05:30
60658,"Hadapsar, Pune - IITM",18.501793,73.927532,389762,pm25,PM2.5,µg/m³,2.56,2022-06-22T14:15:00+05:30
60658,"Hadapsar, Pune - IITM",18.501793,73.927532,389758,pm10,PM10,µg/m³,0.0,2022-06-22T14:15:00+05:30
60658,"Hadapsar, Pune - IITM",18.501793,73.927532,12236445,no,NO,ppb,11.99,2026-09-03T23:30:00+05:30
60658,"Hadapsar, Pune - IITM",18.501793,73.927532,12236449,pm25,PM2.5,µg/m³,23.78,2026-09-03T23:30:00+05:30
60658,"Hadapsar, Pune - IITM",18.501793,73.927532,12236451,temperature,Temperature (C),c,-32.0,2026-07-27T14:00:00+05:30
60658,"Hadapsar, Pune - IITM",18.501793,73.927532,12236450,relativehumidity,RH,%,0.0,2026-07-27T14:00:00+05:30
60658,"Hadapsar, Pune - IITM",18.501793,73.927532,12236448,pm10,PM10,µg/m³,39.61,2026-09-03T23:30:00+05:30
60658,"Hadapsar, Pune - IITM",18.501793,73.927532,12236444,co,CO,ppb,0.76,2026-09-03T23:30:00+05:30
60658,"Hadapsar, Pune - IITM",18.501793,73.927532,12236447,o3,O₃ mass,µg/m³,23.65,2026-09-02T15:30:00+05:30
60658,"Hadapsar, Pune - IITM",18.501793,73.927532,12236446,no2,NO₂,ppb,14.73,2026-09-03T23:30:00+05:30
60658,"Hadapsar, Pune - IITM",18.501793,73.927532,14342076,wind_speed,Wind speed,m/s,0.0,2026-07-27T14:00:00+05:30
60658,"Hadapsar, Pune - IITM",18.501793,73.927532,14342074,nox,NOX,ppb,0.01758,2026-09-03T23:30:00+05:30
60658,"Hadapsar, Pune - IITM",18.501793,73.927532,14342075,wind_direction,Wind direction,deg,0.0,2026-07-27T14:00:00+05:30
60660,"MIT-Kothrud, Pune - IITM",18.517754,73.8214883,389757,pm25,PM2.5,µg/m³,17.5,2022-07-11T10:45:00+05:30
60660,"MIT-Kothrud, Pune - IITM",18.517754,73.8214883,389752,o3,O₃ mass,µg/m³,214.2,2022-07-11T10:45:00+05:30
60660,"MIT-Kothrud, Pune - IITM",18.517754,73.8214883,389759,pm10,PM10,µg/m³,28.4,2022-07-11T10:45:00+05:30
60660,"MIT-Kothrud, Pune - IITM",18.517754,73.8214883,389769,no2,NO₂ mass,µg/m³,11.64,2022-07-11T10:45:00+05:30
60660,"MIT-Kothrud, Pune - IITM",18.517754,73.8214883,389754,co,CO mass,µg/m³,960.0,2022-07-11T10:45:00+05:30
3409331,"Bhosari, Pune - IITM",18.640051,73.848956,12304611,no,NO,ppb,6.56,2026-09-03T23:30:00+05:30
3409331,"Bhosari, Pune - IITM",18.640051,73.848956,12304613,o3,O₃ mass,µg/m³,4.19,2026-09-03T23:30:00+05:30
3409331,"Bhosari, Pune - IITM",18.640051,73.848956,14342072,wind_direction,Wind direction,deg,354.37,2026-08-06T16:30:00+05:30
3409331,"Bhosari, Pune - IITM",18.640051,73.848956,14342073,wind_speed,Wind speed,m/s,1.03,2026-08-06T16:30:00+05:30
3409331,"Bhosari, Pune - IITM",18.640051,73.848956,14342071,nox,NOX,ppb,0.01759,2026-09-03T23:30:00+05:30
3409331,"Bhosari, Pune - IITM",18.640051,73.848956,12304615,pm25,PM2.5,µg/m³,10.65,2026-09-03T23:30:00+05:30
3409331,"Bhosari, Pune - IITM",18.640051,73.848956,12304617,temperature,Temperature (C),c,39.23,2026-08-06T16:30:00+05:30
3409331,"Bhosari, Pune - IITM",18.640051,73.848956,12304614,pm10,PM10,µg/m³,59.83,2026-09-03T23:30:00+05:30
3409331,"Bhosari, Pune - IITM",18.640051,73.848956,12304610,co,CO,ppb,0.04,2026-09-03T23:30:00+05:30
3409331,"Bhosari, Pune - IITM",18.640051,73.848956,12304612,no2,NO₂,ppb,23.04,2026-09-03T23:30:00+05:30
3409331,"Bhosari, Pune - IITM",18.640051,73.848956,12304616,relativehumidity,RH,%,62.88,2026-08-06T16:30:00+05:30
3409435,"Gavalinagar, Pimpri Chinchwad - MPCB",18.63673,73.82487,12237990,temperature,Temperature (C),c,25.43,2026-06-23T16:15:00+05:30
3409435,"Gavalinagar, Pimpri Chinchwad - MPCB",18.63673,73.82487,12237987,pm25,PM2.5,µg/m³,21.08,2026-09-03T23:45:00+05:30
3409435,"Gavalinagar, Pimpri Chinchwad - MPCB",18.63673,73.82487,12237983,no,NO,ppb,9.65,2026-09-03T23:45:00+05:30
3409435,"Gavalinagar, Pimpri Chinchwad - MPCB",18.63673,73.82487,12237989,so2,SO₂,ppb,0.98,2026-09-03T23:45:00+05:30
3409435,"Gavalinagar, Pimpri Chinchwad - MPCB",18.63673,73.82487,12237984,no2,NO₂,ppb,12.5,2026-09-03T23:45:00+05:30
3409435,"Gavalinagar, Pimpri Chinchwad - MPCB",18.63673,73.82487,12237982,co,CO,ppb,0.21,2026-09-03T23:45:00+05:30
3409435,"Gavalinagar, Pimpri Chinchwad - MPCB",18.63673,73.82487,12237988,relativehumidity,RH,%,78.52,2026-09-03T23:45:00+05:30
3409435,"Gavalinagar, Pimpri Chinchwad - MPCB",18.63673,73.82487,12237985,o3,O₃ mass,µg/m³,5.37,2026-09-03T23:45:00+05:30
3409435,"Gavalinagar, Pimpri Chinchwad - MPCB",18.63673,73.82487,12237986,pm10,PM10,µg/m³,30.08,2026-09-03T23:45:00+05:30
3409435,"Gavalinagar, Pimpri Chinchwad - MPCB",18.63673,73.82487,14341447,nox,NOX,ppb,0.01205,2026-09-03T23:45:00+05:30
3409435,"Gavalinagar, Pimpri Chinchwad - MPCB",18.63673,73.82487,14341448,wind_direction,Wind direction,deg,223.87,2026-09-03T23:45:00+05:30
3409435,"Gavalinagar, Pimpri Chinchwad - MPCB",18.63673,73.82487,14341449,wind_speed,Wind speed,m/s,0.29,2026-09-03T23:45:00+05:30
3409436,"Park Street Wakad, Pimpri Chinchwad - MPCB",18.59051,73.77946,12237997,relativehumidity,RH,%,75.42,2026-09-03T23:45:00+05:30
3409436,"Park Street Wakad, Pimpri Chinchwad - MPCB",18.59051,73.77946,12237998,so2,SO₂,ppb,0.52,2026-09-03T23:45:00+05:30
3409436,"Park Street Wakad, Pimpri Chinchwad - MPCB",18.59051,73.77946,12237991,co,CO,ppb,0.27,2026-09-03T23:45:00+05:30
3409436,"Park Street Wakad, Pimpri Chinchwad - MPCB",18.59051,73.77946,12237999,temperature,Temperature (C),c,26.51,2026-09-03T23:45:00+05:30
3409436,"Park Street Wakad, Pimpri Chinchwad - MPCB",18.59051,73.77946,12237993,no2,NO₂,ppb,7.44,2026-09-03T23:45:00+05:30
3409436,"Park Street Wakad, Pimpri Chinchwad - MPCB",18.59051,73.77946,12237996,pm25,PM2.5,µg/m³,18.98,2026-09-03T23:45:00+05:30
3409436,"Park Street Wakad, Pimpri Chinchwad - MPCB",18.59051,73.77946,12237992,no,NO,ppb,1.23,2026-09-03T23:00:00+05:30
3409436,"Park Street Wakad, Pimpri Chinchwad - MPCB",18.59051,73.77946,12237994,o3,O₃ mass,µg/m³,8.06,2026-09-03T23:45:00+05:30
3409436,"Park Street Wakad, Pimpri Chinchwad - MPCB",18.59051,73.77946,12237995,pm10,PM10,µg/m³,48.99,2026-09-03T23:45:00+05:30
3409436,"Park Street Wakad, Pimpri Chinchwad - MPCB",18.59051,73.77946,14341451,wind_direction,Wind direction,deg,19.92,2026-09-03T23:45:00+05:30
3409436,"Park Street Wakad, Pimpri Chinchwad - MPCB",18.59051,73.77946,14341450,nox,NOX,ppb,0.0038900000000000002,2026-09-03T23:45:00+05:30
3409436,"Park Street Wakad, Pimpri Chinchwad - MPCB",18.59051,73.77946,14341452,wind_speed,Wind speed,m/s,0.23,2026-09-03T23:45:00+05:30
3409437,"Thergaon, Pimpri Chinchwad - MPCB",18.616318,73.765797,12243017,pm25,PM2.5,µg/m³,5.15,2026-09-03T23:45:00+05:30
3409437,"Thergaon, Pimpri Chinchwad - MPCB",18.616318,73.765797,12243020,temperature,Temperature (C),c,26.56,2026-09-03T23:45:00+05:30
3409437,"Thergaon, Pimpri Chinchwad - MPCB",18.616318,73.765797,12243014,no2,NO₂,ppb,8.66,2026-09-03T23:45:00+05:30
3409437,"Thergaon, Pimpri Chinchwad - MPCB",18.616318,73.765797,12243015,o3,O₃ mass,µg/m³,6.65,2026-09-03T23:45:00+05:30
3409437,"Thergaon, Pimpri Chinchwad - MPCB",18.616318,73.765797,12243016,pm10,PM10,µg/m³,52.13,2026-09-03T23:45:00+05:30
3409437,"Thergaon, Pimpri Chinchwad - MPCB",18.616318,73.765797,12243013,no,NO,ppb,7.4,2026-09-03T23:45:00+05:30
3409437,"Thergaon, Pimpri Chinchwad - MPCB",18.616318,73.765797,12243012,co,CO,ppb,0.39,2026-09-03T23:45:00+05:30
3409437,"Thergaon, Pimpri Chinchwad - MPCB",18.616318,73.765797,14341454,wind_direction,Wind direction,deg,267.37,2026-09-03T23:45:00+05:30
3409437,"Thergaon, Pimpri Chinchwad - MPCB",18.616318,73.765797,12243018,relativehumidity,RH,%,83.1,2026-09-03T23:45:00+05:30
3409437,"Thergaon, Pimpri Chinchwad - MPCB",18.616318,73.765797,14341455,wind_speed,Wind speed,m/s,1.24,2026-09-03T23:45:00+05:30
3409437,"Thergaon, Pimpri Chinchwad - MPCB",18.616318,73.765797,12243019,so2,SO₂,ppb,1.03,2026-09-03T23:45:00+05:30
3409437,"Thergaon, Pimpri Chinchwad - MPCB",18.616318,73.765797,14341453,nox,NOX,ppb,0.01046,2026-09-03T23:45:00+05:30
3409438,"Katraj Dairy, Pune - MPCB",18.45445,73.854155,12248373,temperature,Temperature (C),c,25.8,2026-09-03T23:45:00+05:30
3409438,"Katraj Dairy, Pune - MPCB",18.45445,73.854155,12248365,co,CO,ppb,0.76,2026-09-03T23:45:00+05:30
3409438,"Katraj Dairy, Pune - MPCB",18.45445,73.854155,14341458,wind_speed,Wind speed,m/s,2.34,2026-09-03T23:45:00+05:30
3409438,"Katraj Dairy, Pune - MPCB",18.45445,73.854155,12248366,no,NO,ppb,2.03,2026-09-03T23:45:00+05:30
3409438,"Katraj Dairy, Pune - MPCB",18.45445,73.854155,12248368,o3,O₃ mass,µg/m³,9.9,2026-09-03T23:45:00+05:30
3409438,"Katraj Dairy, Pune - MPCB",18.45445,73.854155,14341457,wind_direction,Wind direction,deg,194.43,2026-09-03T23:45:00+05:30
3409438,"Katraj Dairy, Pune - MPCB",18.45445,73.854155,14341456,nox,NOX,ppb,0.00357,2026-09-03T23:45:00+05:30
3409438,"Katraj Dairy, Pune - MPCB",18.45445,73.854155,12248372,so2,SO₂,ppb,2.21,2026-09-03T23:45:00+05:30
3409438,"Katraj Dairy, Pune - MPCB",18.45445,73.854155,12248367,no2,NO₂,ppb,7.9,2026-09-03T23:45:00+05:30
3409438,"Katraj Dairy, Pune - MPCB",18.45445,73.854155,12248371,relativehumidity,RH,%,79.36,2026-09-03T23:45:00+05:30
3409438,"Katraj Dairy, Pune - MPCB",18.45445,73.854155,12248370,pm25,PM2.5,µg/m³,13.55,2026-09-03T23:45:00+05:30
3409438,"Katraj Dairy, Pune - MPCB",18.45445,73.854155,12248369,pm10,PM10,µg/m³,39.85,2026-09-03T23:45:00+05:30
3409439,"Savitribai Phule Pune University, Pune - MPCB",18.547056,73.826908,12238001,no,NO,ppb,10.37,2026-09-03T23:45:00+05:30
3409439,"Savitribai Phule Pune University, Pune - MPCB",18.547056,73.826908,12238005,pm25,PM2.5,µg/m³,7.46,2026-09-03T23:45:00+05:30
3409439,"Savitribai Phule Pune University, Pune - MPCB",18.547056,73.826908,12238002,no2,NO₂,ppb,7.31,2026-09-03T23:45:00+05:30
3409439,"Savitribai Phule Pune University, Pune - MPCB",18.547056,73.826908,12238004,pm10,PM10,µg/m³,37.15,2026-09-03T23:45:00+05:30
3409439,"Savitribai Phule Pune University, Pune - MPCB",18.547056,73.826908,12238003,o3,O₃ mass,µg/m³,8.09,2026-09-03T23:45:00+05:30
3409439,"Savitribai Phule Pune University, Pune - MPCB",18.547056,73.826908,12238007,so2,SO₂,ppb,3.51,2026-09-03T23:45:00+05:30
3409439,"Savitribai Phule Pune University, Pune - MPCB",18.547056,73.826908,12238000,co,CO,ppb,0.61,2026-09-03T23:45:00+05:30
3409439,"Savitribai Phule Pune University, Pune - MPCB",18.547056,73.826908,12238006,relativehumidity,RH,%,84.85,2026-09-03T23:45:00+05:30
3409439,"Savitribai Phule Pune University, Pune - MPCB",18.547056,73.826908,12238008,temperature,Temperature (C),c,23.32,2026-09-03T23:45:00+05:30
3409439,"Savitribai Phule Pune University, Pune - MPCB",18.547056,73.826908,14342238,wind_direction,Wind direction,deg,189.25,2026-09-03T23:45:00+05:30
3409439,"Savitribai Phule Pune University, Pune - MPCB",18.547056,73.826908,14342239,wind_speed,Wind speed,m/s,0.27,2026-09-03T23:45:00+05:30
3409439,"Savitribai Phule Pune University, Pune - MPCB",18.547056,73.826908,14341459,nox,NOX,ppb,0.014039999999999999,2026-09-03T23:45:00+05:30
3409523,"Bhumkar Nagar, Pune - IITM",18.60577,73.749976,12238671,co,CO,ppb,0.55,2026-09-03T23:30:00+05:30
3409523,"Bhumkar Nagar, Pune - IITM",18.60577,73.749976,12238674,o3,O₃ mass,µg/m³,11.43,2026-09-03T23:30:00+05:30
3409523,"Bhumkar Nagar, Pune - IITM",18.60577,73.749976,12238677,relativehumidity,RH,%,19.0,2026-09-03T23:30:00+05:30
3409523,"Bhumkar Nagar, Pune - IITM",18.60577,73.749976,12238673,no2,NO₂,ppb,17.72,2026-09-03T23:30:00+05:30
3409523,"Bhumkar Nagar, Pune - IITM",18.60577,73.749976,12238672,no,NO,ppb,5.07,2026-09-03T23:30:00+05:30
3409523,"Bhumkar Nagar, Pune - IITM",18.60577,73.749976,12238676,pm25,PM2.5,µg/m³,16.17,2026-09-03T23:30:00+05:30
3409523,"Bhumkar Nagar, Pune - IITM",18.60577,73.749976,12238675,pm10,PM10,µg/m³,43.75,2026-09-03T23:30:00+05:30
3409523,"Bhumkar Nagar, Pune - IITM",18.60577,73.749976,12238678,temperature,Temperature (C),c,24.18,2026-09-03T23:30:00+05:30
3409523,"Bhumkar Nagar, Pune - IITM",18.60577,73.749976,14342273,wind_direction,Wind direction,deg,0.09,2026-09-03T23:30:00+05:30
3409523,"Bhumkar Nagar, Pune - IITM",18.60577,73.749976,14342274,wind_speed,Wind speed,m/s,44.55,2026-09-03T23:30:00+05:30
3409523,"Bhumkar Nagar, Pune - IITM",18.60577,73.749976,14342272,nox,NOX,ppb,0.013550000000000001,2026-09-03T23:30:00+05:30
3409526,"Panchawati_Pashan, Pune - IITM",18.536457,73.805454,12238689,no,NO,ppb,1.88,2026-09-03T23:30:00+05:30
3409526,"Panchawati_Pashan, Pune - IITM",18.536457,73.805454,12238691,o3,O₃ mass,µg/m³,1.0,2026-09-01T17:45:00+05:30
3409526,"Panchawati_Pashan, Pune - IITM",18.536457,73.805454,12238688,co,CO,ppb,0.83,2026-09-03T23:30:00+05:30
3409526,"Panchawati_Pashan, Pune - IITM",18.536457,73.805454,12238695,temperature,Temperature (C),c,20.76,2026-09-03T23:30:00+05:30
3409526,"Panchawati_Pashan, Pune - IITM",18.536457,73.805454,12238694,relativehumidity,RH,%,19.12,2026-09-03T23:30:00+05:30
3409526,"Panchawati_Pashan, Pune - IITM",18.536457,73.805454,12238692,pm10,PM10,µg/m³,44.03,2026-09-03T23:30:00+05:30
3409526,"Panchawati_Pashan, Pune - IITM",18.536457,73.805454,12238690,no2,NO₂,ppb,7.72,2026-09-03T23:30:00+05:30
3409526,"Panchawati_Pashan, Pune - IITM",18.536457,73.805454,12238693,pm25,PM2.5,µg/m³,14.05,2026-09-03T23:15:00+05:30
3409526,"Panchawati_Pashan, Pune - IITM",18.536457,73.805454,14342275,nox,NOX,ppb,0.00563,2026-09-03T23:30:00+05:30
3409526,"Panchawati_Pashan, Pune - IITM",18.536457,73.805454,14342277,wind_speed,Wind speed,m/s,0.58,2026-09-03T23:30:00+05:30
3409526,"Panchawati_Pashan, Pune - IITM",18.536457,73.805454,14342276,wind_direction,Wind direction,deg,201.94,2026-09-03T23:30:00+05:30
3409528,"Savta Mali Nagar, Pimpri-Chinchwad - IITM",18.614767,73.799516,12343702,relativehumidity,RH,%,0.0,2026-03-18T23:30:00+05:30
3409528,"Savta Mali Nagar, Pimpri-Chinchwad - IITM",18.614767,73.799516,12238707,no2,NO₂,ppb,24.22,2026-09-03T23:45:00+05:30
3409528,"Savta Mali Nagar, Pimpri-Chinchwad - IITM",18.614767,73.799516,12238708,o3,O₃ mass,µg/m³,1.0,2026-09-03T23:00:00+05:30
3409528,"Savta Mali Nagar, Pimpri-Chinchwad - IITM",18.614767,73.799516,12238710,pm25,PM2.5,µg/m³,17.12,2026-09-03T23:45:00+05:30
3409528,"Savta Mali Nagar, Pimpri-Chinchwad - IITM",18.614767,73.799516,12238709,pm10,PM10,µg/m³,34.63,2026-09-03T23:45:00+05:30
3409528,"Savta Mali Nagar, Pimpri-Chinchwad - IITM",18.614767,73.799516,12238705,co,CO,ppb,0.32,2026-09-03T23:45:00+05:30
3409528,"Savta Mali Nagar, Pimpri-Chinchwad - IITM",18.614767,73.799516,12238706,no,NO,ppb,18.27,2026-09-03T23:45:00+05:30
3409528,"Savta Mali Nagar, Pimpri-Chinchwad - IITM",18.614767,73.799516,12343703,temperature,Temperature (C),c,0.0,2026-03-18T23:30:00+05:30
3409528,"Savta Mali Nagar, Pimpri-Chinchwad - IITM",18.614767,73.799516,14342280,wind_speed,Wind speed,m/s,0.0,2026-03-18T23:30:00+05:30
3409528,"Savta Mali Nagar, Pimpri-Chinchwad - IITM",18.614767,73.799516,14342278,nox,NOX,ppb,0.00595,2026-09-03T23:45:00+05:30
3409528,"Savta Mali Nagar, Pimpri-Chinchwad - IITM",18.614767,73.799516,14342279,wind_direction,Wind direction,deg,0.0,2026-03-18T23:30:00+05:30
3410005,"Dhankawadi, Pune - IITM",18.459883,73.852193,12238729,co,CO,ppb,1.15,2026-09-03T23:30:00+05:30
3410005,"Dhankawadi, Pune - IITM",18.459883,73.852193,12238731,no2,NO₂,ppb,11.3,2026-09-03T23:30:00+05:30
3410005,"Dhankawadi, Pune - IITM",18.459883,73.852193,12238730,no,NO,ppb,6.18,2026-09-03T23:30:00+05:30
3410005,"Dhankawadi, Pune - IITM",18.459883,73.852193,12238734,pm25,PM2.5,µg/m³,15.56,2026-09-03T23:30:00+05:30
3410005,"Dhankawadi, Pune - IITM",18.459883,73.852193,12238733,pm10,PM10,µg/m³,53.59,2026-09-03T23:30:00+05:30
3410005,"Dhankawadi, Pune - IITM",18.459883,73.852193,12238732,o3,O₃ mass,µg/m³,9.0,2026-09-03T23:30:00+05:30
3410005,"Dhankawadi, Pune - IITM",18.459883,73.852193,12238736,temperature,Temperature (C),c,25.69,2026-08-06T16:30:00+05:30
3410005,"Dhankawadi, Pune - IITM",18.459883,73.852193,12238735,relativehumidity,RH,%,80.28,2026-08-06T16:30:00+05:30
3410005,"Dhankawadi, Pune - IITM",18.459883,73.852193,14341681,nox,NOX,ppb,0.01103,2026-09-03T23:30:00+05:30
3410005,"Dhankawadi, Pune - IITM",18.459883,73.852193,14341682,wind_direction,Wind direction,deg,111.79,2026-07-09T01:30:00+05:30
3410005,"Dhankawadi, Pune - IITM",18.459883,73.852193,14341683,wind_speed,Wind speed,m/s,0.97,2026-07-09T01:30:00+05:30
